name,calories,protein,rating,My new Column
0,100% Bran,70.0,4.0,68.402973,1
1,100% Natural Bran,120.0,3.0,33.983678999999995,2
2,All-Bran,70.0,4.0,59.425505,3
4,xyz,110.0,1.0,27.75,4
